<?xml version="1.0" encoding="iso-8859-1"?>
<Package Name="JclVClx" Design="0">
  <Description/>
  <C5PFlags/>
  <C6PFlags/>
  <C5Libs/>
  <C6Libs/>
  <Requires>
    <Package Name="rtl" Targets="c6,d6,d7,d6.dev,d7.dev" Condition=""/>
    <Package Name="visualclx" Targets="c6,d6,d7,d6.dev,d7.dev" Condition=""/>
    <Package Name="DJcl" Targets="D6,D7" Condition=""/>
    <Package Name="CJcl" Targets="C6" Condition=""/>
  </Requires>
  <Contains>
    <File Name="..\..\source\visclx\JclQGraphUtils.pas" Targets="c6,d6,d7,k3" Formname="" Condition=""/>
    <File Name="..\..\source\visclx\JclQGraphics.pas" Targets="c6,d6,d7,k3" Formname="" Condition=""/>
    <File Name="..\..\source\prototypes\JclQGraphUtils.pas" Targets="d6.dev,d7.dev,k3.dev" Formname="" Condition=""/>
    <File Name="..\..\source\prototypes\JclQGraphics.pas" Targets="d6.dev,d7.dev,k3.dev" Formname="" Condition=""/>
  </Contains>
</Package>
