<?xml version="1.0" encoding="iso-8859-1"?>
<Package Name="JclVcl" Design="0">
  <Description>JEDI Code Library VCL package</Description>
  <GUID/>
  <C5PFlags/>
  <C6PFlags/>
  <C5Libs/>
  <C6Libs/>
  <Requires>
    <Package Name="rtl" Targets="C6,D6,D7,K3,D9" Condition=""/>
    <Package Name="vcl" Targets="all" Condition=""/>
    <Package Name="vcljpg" Targets="all" Condition=""/>
    <Package Name="DJcl" Targets="d6,d7,d9,d6.dev,d7.dev,d9.dev" Condition=""/>
    <Package Name="CJcl" Targets="c6" Condition=""/>
  </Requires>
  <Contains>
    <File Name="..\..\source\vcl\JclPrint.pas" Targets="C6,D6,D7,D9" Formname="" Condition=""/>
    <File Name="..\..\source\vcl\JclGraphUtils.pas" Targets="C6,D6,D7,D9" Formname="" Condition=""/>
    <File Name="..\..\source\vcl\JclGraphics.pas" Targets="C6,D6,D7,D9" Formname="" Condition=""/>
  </Contains>
</Package>
